{
  "file": "results/vast_pulled_2026-02-07/results/hidden_variance_selfseed_qwen3-8b_20260206_full_v2.json",
  "baseline": "prng",
  "metrics": {
    "distinct_2": {
      "sources": {
        "prng": {
          "mean": 0.8256467941507311,
          "n_prompts": 14
        },
        "trng": {
          "mean": 0.8600674915635546,
          "n_prompts": 14
        },
        "qrng_cached": {
          "mean": 0.8835770528683914,
          "n_prompts": 14
        },
        "self_seed_sfc": {
          "mean": 0.8509561304836895,
          "n_prompts": 14
        },
        "self_seed_sfs": {
          "mean": 0.8959505061867266,
          "n_prompts": 14
        },
        "hidden_variance": {
          "mean": 0.827896512935883,
          "n_prompts": 14
        },
        "nebula_bible": {
          "mean": 0.8093363329583801,
          "n_prompts": 14
        }
      },
      "comparisons": {
        "trng_vs_prng": {
          "mean": 0.034420697412823456,
          "ci_low": -0.04083239595050612,
          "ci_high": 0.10944881889763784,
          "p_greater": 0.8114,
          "n": 14
        },
        "qrng_cached_vs_prng": {
          "mean": 0.05793025871766028,
          "ci_low": -0.008998875140607463,
          "ci_high": 0.14285714285714282,
          "p_greater": 0.9462,
          "n": 14
        },
        "self_seed_sfc_vs_prng": {
          "mean": 0.025309336332958367,
          "ci_low": -0.06411698537682789,
          "ci_high": 0.11754780652418442,
          "p_greater": 0.6966,
          "n": 14
        },
        "self_seed_sfs_vs_prng": {
          "mean": 0.07030371203599549,
          "ci_low": -0.008998875140607416,
          "ci_high": 0.16929133858267717,
          "p_greater": 0.9496,
          "n": 14
        },
        "hidden_variance_vs_prng": {
          "mean": 0.002249718785151852,
          "ci_low": -0.0793025871766029,
          "ci_high": 0.061867266591676025,
          "p_greater": 0.5512,
          "n": 14
        },
        "nebula_bible_vs_prng": {
          "mean": -0.01631046119235095,
          "ci_low": -0.1136107986501687,
          "ci_high": 0.08492688413948257,
          "p_greater": 0.3574,
          "n": 14
        }
      }
    },
    "ttr": {
      "sources": {
        "prng": {
          "mean": 0.5825892857142857,
          "n_prompts": 14
        },
        "trng": {
          "mean": 0.5928571428571429,
          "n_prompts": 14
        },
        "qrng_cached": {
          "mean": 0.6199776785714286,
          "n_prompts": 14
        },
        "self_seed_sfc": {
          "mean": 0.5647321428571429,
          "n_prompts": 14
        },
        "self_seed_sfs": {
          "mean": 0.6222098214285714,
          "n_prompts": 14
        },
        "hidden_variance": {
          "mean": 0.5892857142857143,
          "n_prompts": 14
        },
        "nebula_bible": {
          "mean": 0.5535714285714286,
          "n_prompts": 14
        }
      },
      "comparisons": {
        "trng_vs_prng": {
          "mean": 0.010267857142857143,
          "ci_low": -0.04319196428571429,
          "ci_high": 0.06540178571428572,
          "p_greater": 0.6366,
          "n": 14
        },
        "qrng_cached_vs_prng": {
          "mean": 0.037388392857142856,
          "ci_low": -0.017857142857142856,
          "ci_high": 0.10770089285714286,
          "p_greater": 0.886,
          "n": 14
        },
        "self_seed_sfc_vs_prng": {
          "mean": -0.017857142857142856,
          "ci_low": -0.08649553571428571,
          "ci_high": 0.04408482142857143,
          "p_greater": 0.2978,
          "n": 14
        },
        "self_seed_sfs_vs_prng": {
          "mean": 0.03962053571428571,
          "ci_low": -0.020089285714285716,
          "ci_high": 0.11551339285714286,
          "p_greater": 0.8694,
          "n": 14
        },
        "hidden_variance_vs_prng": {
          "mean": 0.006696428571428571,
          "ci_low": -0.06919642857142858,
          "ci_high": 0.060825892857142856,
          "p_greater": 0.6096,
          "n": 14
        },
        "nebula_bible_vs_prng": {
          "mean": -0.029017857142857144,
          "ci_low": -0.11774553571428571,
          "ci_high": 0.05915178571428571,
          "p_greater": 0.2504,
          "n": 14
        }
      }
    },
    "repetition_ratio": {
      "sources": {
        "prng": {
          "mean": 0.4174107142857143,
          "n_prompts": 14
        },
        "trng": {
          "mean": 0.40714285714285714,
          "n_prompts": 14
        },
        "qrng_cached": {
          "mean": 0.38002232142857145,
          "n_prompts": 14
        },
        "self_seed_sfc": {
          "mean": 0.43526785714285715,
          "n_prompts": 14
        },
        "self_seed_sfs": {
          "mean": 0.37779017857142855,
          "n_prompts": 14
        },
        "hidden_variance": {
          "mean": 0.4107142857142857,
          "n_prompts": 14
        },
        "nebula_bible": {
          "mean": 0.44642857142857145,
          "n_prompts": 14
        }
      },
      "comparisons": {
        "trng_vs_prng": {
          "mean": -0.010267857142857143,
          "ci_low": -0.06506696428571428,
          "ci_high": 0.04330357142857143,
          "p_greater": 0.3626,
          "n": 14
        },
        "qrng_cached_vs_prng": {
          "mean": -0.037388392857142856,
          "ci_low": -0.10770089285714286,
          "ci_high": 0.017857142857142856,
          "p_greater": 0.1104,
          "n": 14
        },
        "self_seed_sfc_vs_prng": {
          "mean": 0.017857142857142856,
          "ci_low": -0.04408482142857143,
          "ci_high": 0.08649553571428571,
          "p_greater": 0.6942,
          "n": 14
        },
        "self_seed_sfs_vs_prng": {
          "mean": -0.03962053571428571,
          "ci_low": -0.11551339285714286,
          "ci_high": 0.020089285714285716,
          "p_greater": 0.1266,
          "n": 14
        },
        "hidden_variance_vs_prng": {
          "mean": -0.006696428571428571,
          "ci_low": -0.060267857142857144,
          "ci_high": 0.06919642857142858,
          "p_greater": 0.3848,
          "n": 14
        },
        "nebula_bible_vs_prng": {
          "mean": 0.029017857142857144,
          "ci_low": -0.05915178571428571,
          "ci_high": 0.11830357142857142,
          "p_greater": 0.7466,
          "n": 14
        }
      }
    },
    "hidden_entropy_mean": {
      "sources": {
        "prng": {
          "mean": 1.7626853224613275,
          "n_prompts": 14
        },
        "trng": {
          "mean": 1.7803863164342941,
          "n_prompts": 14
        },
        "qrng_cached": {
          "mean": 1.7958857201901126,
          "n_prompts": 14
        },
        "self_seed_sfc": {
          "mean": 1.7581411824469957,
          "n_prompts": 14
        },
        "self_seed_sfs": {
          "mean": 1.7616324168679607,
          "n_prompts": 14
        },
        "hidden_variance": {
          "mean": 1.7609047339531585,
          "n_prompts": 14
        },
        "nebula_bible": {
          "mean": 1.777468036754091,
          "n_prompts": 14
        }
      },
      "comparisons": {
        "trng_vs_prng": {
          "mean": 0.017700993972966823,
          "ci_low": -0.0037916269616938675,
          "ci_high": 0.03927253984821006,
          "p_greater": 0.9488,
          "n": 14
        },
        "qrng_cached_vs_prng": {
          "mean": 0.03320039772878532,
          "ci_low": 0.008424665913769336,
          "ci_high": 0.05890938781060018,
          "p_greater": 0.9946,
          "n": 14
        },
        "self_seed_sfc_vs_prng": {
          "mean": -0.00454414001433174,
          "ci_low": -0.05113826503322105,
          "ci_high": 0.03708669332009446,
          "p_greater": 0.4222,
          "n": 14
        },
        "self_seed_sfs_vs_prng": {
          "mean": -0.0010529055933666503,
          "ci_low": -0.036100773408381547,
          "ci_high": 0.04173103619991932,