{
  "file": "results/vast_pulled_2026-02-07/72b/hidden_variance_selfseed_qwen2_5-72b_bnb_full_20260207_020557.json",
  "baseline": "prng",
  "metrics": {
    "distinct_2": {
      "sources": {
        "prng": {
          "mean": 0.919572553430821,
          "n_prompts": 14
        },
        "trng": {
          "mean": 0.9077615298087739,
          "n_prompts": 14
        },
        "qrng_cached": {
          "mean": 0.9116985376827895,
          "n_prompts": 14
        },
        "self_seed_sfc": {
          "mean": 0.8880764904386951,
          "n_prompts": 14
        },
        "self_seed_sfs": {
          "mean": 0.8993250843644544,
          "n_prompts": 14
        },
        "hidden_variance": {
          "mean": 0.8987626546681664,
          "n_prompts": 14
        },
        "nebula_bible": {
          "mean": 0.9083239595050617,
          "n_prompts": 14
        }
      },
      "comparisons": {
        "trng_vs_prng": {
          "mean": -0.011811023622047183,
          "ci_low": -0.030483689538807535,
          "ci_high": 0.006074240719910077,
          "p_greater": 0.0994,
          "n": 14
        },
        "qrng_cached_vs_prng": {
          "mean": -0.007874015748031482,
          "ci_low": -0.027559055118110205,
          "ci_high": 0.014060742407199083,
          "p_greater": 0.2286,
          "n": 14
        },
        "self_seed_sfc_vs_prng": {
          "mean": -0.03149606299212598,
          "ci_low": -0.05511811023622049,
          "ci_high": -0.006749156355455572,
          "p_greater": 0.005,
          "n": 14
        },
        "self_seed_sfs_vs_prng": {
          "mean": -0.02024746906636666,
          "ci_low": -0.04049493813273335,
          "ci_high": -0.0005624296962879313,
          "p_greater": 0.0226,
          "n": 14
        },
        "hidden_variance_vs_prng": {
          "mean": -0.020809898762654655,
          "ci_low": -0.038807649043869456,
          "ci_high": -0.001687289088863889,
          "p_greater": 0.0166,
          "n": 14
        },
        "nebula_bible_vs_prng": {
          "mean": -0.011248593925759276,
          "ci_low": -0.037120359955005615,
          "ci_high": 0.008436445444319438,
          "p_greater": 0.1766,
          "n": 14
        }
      }
    },
    "ttr": {
      "sources": {
        "prng": {
          "mean": 0.6456473214285714,
          "n_prompts": 14
        },
        "trng": {
          "mean": 0.6379464285714286,
          "n_prompts": 14
        },
        "qrng_cached": {
          "mean": 0.6512276785714286,
          "n_prompts": 14
        },
        "self_seed_sfc": {
          "mean": 0.6177455357142857,
          "n_prompts": 14
        },
        "self_seed_sfs": {
          "mean": 0.6272321428571429,
          "n_prompts": 14
        },
        "hidden_variance": {
          "mean": 0.625,
          "n_prompts": 14
        },
        "nebula_bible": {
          "mean": 0.625,
          "n_prompts": 14
        }
      },
      "comparisons": {
        "trng_vs_prng": {
          "mean": -0.007700892857142856,
          "ci_low": -0.026339285714285707,
          "ci_high": 0.010602678571428563,
          "p_greater": 0.2054,
          "n": 14
        },
        "qrng_cached_vs_prng": {
          "mean": 0.005580357142857143,
          "ci_low": -0.022879464285714284,
          "ci_high": 0.037388392857142856,
          "p_greater": 0.6318,
          "n": 14
        },
        "self_seed_sfc_vs_prng": {
          "mean": -0.027901785714285716,
          "ci_low": -0.056919642857142856,
          "ci_high": 0.0,
          "p_greater": 0.0244,
          "n": 14
        },
        "self_seed_sfs_vs_prng": {
          "mean": -0.018415178571428572,
          "ci_low": -0.05412946428571429,
          "ci_high": 0.016183035714285716,
          "p_greater": 0.1502,
          "n": 14
        },
        "hidden_variance_vs_prng": {
          "mean": -0.020647321428571428,
          "ci_low": -0.046875,
          "ci_high": 0.009486607142857142,
          "p_greater": 0.0836,
          "n": 14
        },
        "nebula_bible_vs_prng": {
          "mean": -0.020647321428571428,
          "ci_low": -0.05412946428571429,
          "ci_high": 0.010602678571428572,
          "p_greater": 0.103,
          "n": 14
        }
      }
    },
    "repetition_ratio": {
      "sources": {
        "prng": {
          "mean": 0.35435267857142855,
          "n_prompts": 14
        },
        "trng": {
          "mean": 0.3620535714285714,
          "n_prompts": 14
        },
        "qrng_cached": {
          "mean": 0.34877232142857145,
          "n_prompts": 14
        },
        "self_seed_sfc": {
          "mean": 0.3822544642857143,
          "n_prompts": 14
        },
        "self_seed_sfs": {
          "mean": 0.37276785714285715,
          "n_prompts": 14
        },
        "hidden_variance": {
          "mean": 0.375,
          "n_prompts": 14
        },
        "nebula_bible": {
          "mean": 0.375,
          "n_prompts": 14
        }
      },
      "comparisons": {
        "trng_vs_prng": {
          "mean": 0.007700892857142856,
          "ci_low": -0.010602678571428567,
          "ci_high": 0.026339285714285704,
          "p_greater": 0.7932,
          "n": 14
        },
        "qrng_cached_vs_prng": {
          "mean": -0.005580357142857143,
          "ci_low": -0.037388392857142856,
          "ci_high": 0.022879464285714284,
          "p_greater": 0.3564,
          "n": 14
        },
        "self_seed_sfc_vs_prng": {
          "mean": 0.027901785714285716,
          "ci_low": 0.0,
          "ci_high": 0.056919642857142856,
          "p_greater": 0.973,
          "n": 14
        },
        "self_seed_sfs_vs_prng": {
          "mean": 0.018415178571428572,
          "ci_low": -0.016183035714285716,
          "ci_high": 0.05412946428571429,
          "p_greater": 0.8424,
          "n": 14
        },
        "hidden_variance_vs_prng": {
          "mean": 0.020647321428571428,
          "ci_low": -0.009486607142857142,
          "ci_high": 0.046875,
          "p_greater": 0.9116,
          "n": 14
        },
        "nebula_bible_vs_prng": {
          "mean": 0.020647321428571428,
          "ci_low": -0.010602678571428572,
          "ci_high": 0.05412946428571429,
          "p_greater": 0.891,
          "n": 14
        }
      }
    },
    "hidden_entropy_mean": {
      "sources": {
        "prng": {
          "mean": 1.4060331492881233,
          "n_prompts": 14
        },
        "trng": {
          "mean": 1.4116413061256858,
          "n_prompts": 14
        },
        "qrng_cached": {
          "mean": 1.4167204580839878,
          "n_prompts": 14
        },
        "self_seed_sfc": {
          "mean": 1.406053595110331,
          "n_prompts": 14
        },
        "self_seed_sfs": {
          "mean": 1.4065643959533707,
          "n_prompts": 14
        },
        "hidden_variance": {
          "mean": 1.4043843458558902,
          "n_prompts": 14
        },
        "nebula_bible": {
          "mean": 1.414536422835902,
          "n_prompts": 14
        }
      },
      "comparisons": {
        "trng_vs_prng": {
          "mean": 0.0056081568375626134,
          "ci_low": -0.012269346069546725,
          "ci_high": 0.02356838838257585,
          "p_greater": 0.7236,
          "n": 14
        },
        "qrng_cached_vs_prng": {
          "mean": 0.010687308795864579,
          "ci_low": -0.008610252545362582,
          "ci_high": 0.03283288316036189,
          "p_greater": 0.8378,
          "n": 14
        },
        "self_seed_sfc_vs_prng": {
          "mean": 2.044582220798016e-05,
          "ci_low": -0.030094495850737837,
          "ci_high": 0.03434442578181903,
          "p_greater": 0.4704,
          "n": 14
        },
        "self_seed_sfs_vs_prng": {
          "mean": 0.0005312466652475566,
          "ci_low": -0.016246307273884177,
          "ci_high": 0.019851919599126768,
          "p_greater": 0.5214,
          "n": 14
        },